# 04 Per-residue ΔRRCS for par1_human, ranked by active_minus_inactive (signed sum) descending.
# active_minus_inactive: ΔRRCS aggregated across all of a residue's contacts. Positive = net contact gain on activation.
# max_abs_delta: maximum |ΔRRCS| at this residue (the largest single contact change).
# max_signed_delta: signed ΔRRCS at the |Δ|-max contact (preserves sign).
# partner_at_max: partner residue at the |Δ|-max contact (one-letter AA + position).
# Generated by build_par_dossier_csvs.py on 2026-05-04.
position,amino_acid,protein_segment,generic_number,display_number,active_minus_inactive,max_abs_delta,max_signed_delta,partner_at_max,n_contact_partners
214,R,ICL2,,34.57x57,17.298393647715223,10.389787650422342,10.389787650422342,D199,7
373,Y,TM7,,7.55x55,12.757213145183394,7.942326089572846,7.942326089572846,F313,6
371,Y,TM7,,7.53x53,12.555238058297586,6.292839395994692,6.292839395994692,L144,14
161,Y,,,,11.94104866452799,2.77084568003065,2.77084568003065,S166,7
379,Q,H8,,8.51x51,11.447988367015604,7.22220426533973,7.22220426533973,Y372,4
199,D,TM3,,3.49x49,11.040401551146479,10.389787650422342,10.389787650422342,R214,5
270,Y,TM5,,5.38x38,10.501719848410474,8.672446099588157,8.672446099588157,F274,7
218,R,TM4,,4.41x41,10.314674065064057,6.97642975863524,6.97642975863524,W213,3
162,Y,TM2,,2.64x64,9.910950178528195,3.191505782658472,3.191505782658472,L101,9
69,Y,N-term,,,8.831698894050827,6.373607528431906,6.373607528431906,E68,2
213,W,ICL2,,34.56x56,8.274871567397438,6.97642975863524,6.97642975863524,R218,3
267,Y,TM5,,5.35x35,7.993904447186497,4.543501118894887,4.543501118894887,D256,10
163,F,TM2,,2.65x65,6.897775495892834,4.534986427738938,4.534986427738938,P106,3
200,R,TM3,,3.50x50,6.577821336486938,5.386477344334269,5.386477344334269,A374,8
168,W,,,,5.867254297733487,2.02673305369558,2.02673305369558,C254,10
313,F,TM6,,6.35x36,5.833821694053408,7.942326089572846,7.942326089572846,Y373,6
106,P,TM1,,1.36x36,5.53093873163516,4.534986427738938,4.534986427738938,F163,5
377,E,,,,5.507762112171685,2.7986414306378258,2.7986414306378258,S375,5
144,L,TM2,,2.46x46,5.353923435896385,6.292839395994692,6.292839395994692,Y371,8
61,K,N-term,,,5.282937244221074,5.122648148520382,5.122648148520382,E60,3
254,C,,,,5.270835200326106,2.3752002669992063,2.3752002669992063,C175,7
60,E,N-term,,,5.122648148520382,5.122648148520382,5.122648148520382,K61,1
255,H,,,,5.087385791098399,2.0864528039591006,2.0864528039591006,E241,7
337,Y,TM6,,6.59x59,4.93932226769189,3.128294390309537,3.128294390309537,A268,7
166,S,,,,4.842848527211511,2.77084568003065,2.77084568003065,Y161,6
290,Y,TM5,,5.58x58,4.75829292731491,3.794135810061505,3.794135810061505,F319,5
182,F,,,,4.73745499682524,1.4895939505152338,1.4895939505152338,K158,8
68,E,N-term,,,4.712949523978199,6.373607528431906,6.373607528431906,Y69,2
374,A,TM7,,7.56x56,4.514278554286101,5.386477344334269,5.386477344334269,R200,5
102,T,,,,3.9910022854653806,2.429232941000484,2.429232941000484,Y162,5
244,I,,,,3.648141742517812,0.9685298097038464,0.9685298097038464,D256,6
173,E,,,,3.632476238547671,2.5503831390024274,2.5503831390024274,R176,2
253,T,,,,3.592534205720893,1.3182664514086808,1.3182664514086808,Y161,9
203,A,,,,3.5798568925962395,2.7160770155040703,2.7160770155040703,R214,2
202,L,,,,3.5698118321688255,2.563580761342274,2.563580761342274,S210,6
101,L,TM1,,1.31x31,3.4698152452066853,3.191505782658472,3.191505782658472,Y162,9
242,Q,,,,3.3931233966548344,2.0460180227775657,2.0460180227775657,H255,6
141,M,,,,3.2868630854035223,2.0001657190826085,2.0001657190826085,Y371,8
314,L,,,,3.2114867164230154,1.9837577014686676,1.9837577014686676,A374,6
97,T,N-term,,,3.1670188094322396,4.866087087987873,4.866087087987873,F351,5
268,A,TM5,,5.36x36,3.128294390309537,3.128294390309537,3.128294390309537,Y337,1
319,F,TM6,,6.41x42,2.822211853112562,3.794135810061505,3.794135810061505,Y290,5
145,A,TM2,,2.47x47,2.7489352379629617,4.967899920010862,4.967899920010862,Y371,5
206,Y,,,,2.7064780195629523,2.531680252346519,2.531680252346519,Q209,5
381,Y,,,,2.704819970739215,2.413936329645267,2.413936329645267,K130,5
100,W,,,,2.5452038199949816,1.271888053778532,1.271888053778532,L96,3
306,S,,,,2.429744851501102,2.233975764258468,2.233975764258468,N304,3
70,R,,,,2.4038001616491727,2.458091365618921,2.458091365618921,Y69,2
130,K,,,,2.4001253886402822,2.413936329645267,2.413936329645267,Y381,3
175,C,,,,2.3294807841455216,2.9074976926229974,-2.9074976926229974,E241,7
159,I,,,,2.2141904862050943,0.8739759412738408,0.8739759412738408,T110,5
389,K,,,,2.175827884061826,2.175827884061826,2.175827884061826,S384,1
372,Y,TM7,,7.54x54,2.158254719417505,7.22220426533973,7.22220426533973,Q379,9
384,S,,,,2.145678353956524,2.175827884061826,2.175827884061826,K389,4
271,F,,,,2.058544224639731,2.0633250485820267,2.0633250485820267,Y270,7
333,L,,,,2.0235765525398692,1.1358797823326197,1.1358797823326197,S275,4
266,Y,,,,2.0211868951783702,1.5730706017663034,1.5730706017663034,K240,4
167,D,,,,1.9569557554386454,2.260728569029097,2.260728569029097,Y161,6
109,Y,,,,1.9513814844574728,1.675283983562715,1.675283983562715,C358,10
351,F,TM7,,7.33x32,1.8048769897452122,4.866087087987873,4.866087087987873,T97,4
297,L,,,,1.8020289780293777,1.930384060615297,1.930384060615297,K308,5
62,N,,,,1.795520495554082,1.394497896748351,1.394497896748351,E63,2
209,Q,,,,1.7921538154722052,2.531680252346519,2.531680252346519,Y206,2
204,V,,,,1.7693238263118447,0.7009955985017375,0.7009955985017375,L297,5
210,S,,,,1.762996228644158,2.633549755540346,-2.633549755540346,T215,6
315,S,,,,1.738595439782896,1.6599123205121074,1.6599123205121074,Y290,4
393,D,,,,1.712929791084953,1.1120503132887452,1.1120503132887452,P394,2
280,F,,,,1.676353925993526,0.9996582172804516,0.9996582172804516,F279,3
296,C,,,,1.629402994717823,0.655634887274904,0.655634887274904,V204,3
63,E,,,,1.581268882949161,1.394497896748351,1.394497896748351,N62,2
158,K,,,,1.5319842992668515,1.4895939505152338,1.4895939505152338,F182,4
243,T,,,,1.4349904051014302,0.7316802703357744,0.7316802703357744,C175,6
226,I,,,,1.4109828131858229,0.8305828494312912,0.8305828494312912,L191,5
152,V,,,,1.3061599652513394,1.3744736407248042,1.3744736407248042,S116,7
329,T,,,,1.2840448904238302,0.4341567690498036,0.4341567690498036,S360,5
195,V,,,,1.2660368170477718,0.931164833166068,0.931164833166068,T222,4
420,Y,,,,1.1872096968584975,0.7433611457925782,0.7433611457925782,L423,2
394,P,,,,1.1120503132887452,1.1120503132887452,1.1120503132887452,D393,1
291,V,,,,1.1076186760763393,1.0634289638808991,1.0634289638808991,R295,2
326,F,,,,1.093115124944179,2.100843026130756,2.100843026130756,I190,9
295,R,,,,1.0634289638808991,1.0634289638808991,1.0634289638808991,V291,1
279,F,,,,1.047786748544787,0.9996582172804516,0.9996582172804516,F280,8
191,L,,,,1.021568678880795,0.8305828494312912,0.8305828494312912,I226,5
91,D,,,,0.9313231721017168,0.8775425899439083,0.8775425899439083,S89,2
363,S,,,,0.9122459447854881,0.8173996028976414,0.8173996028976414,D367,5
89,S,,,,0.8915958403192864,0.8775425899439083,0.8775425899439083,D91,2
358,C,,,,0.8870821243486062,1.675283983562715,1.675283983562715,Y109,3
165,G,,,,0.8859095089602999,0.7689272955623316,0.7689272955623316,T102,2
135,K,,,,0.8694819346001696,1.333714954685588,1.333714954685588,E377,5
110,T,,,,0.8680964427999723,0.8739759412738408,0.8739759412738408,I159,2
417,N,,,,0.8564941670275844,0.7739077577879574,0.7739077577879574,S418,2
172,S,,,,0.8559974069440268,1.0820930995452436,1.0820930995452436,E173,2
318,V,,,,0.8391346582708067,1.5916547487232018,-1.5916547487232018,M193,6
233,G,,,,0.8339896851695123,0.9717293746956788,0.9717293746956788,F274,4
353,Y,,,,0.8295728480526955,0.5575913382272449,0.5575913382272449,L333,5
178,V,,,,0.8281031414772855,0.6091674811495109,0.6091674811495109,W168,6
174,L,,,,0.8208953106355392,1.433084502639101,1.433084502639101,W168,5
75,N,,,,0.8177345967092774,0.8177345967092774,0.8177345967092774,I74,1
74,I,,,,0.8177345967092774,0.8177345967092774,0.8177345967092774,N75,1
212,S,,,,0.7788957577954129,1.6529569481776698,1.6529569481776698,W213,4
201,F,,,,0.7455603770076714,1.4644487389093943,1.4644487389093943,Y206,6
336,H,,,,0.7455593037213246,0.6964334177968823,0.6964334177968823,Y337,3
294,I,,,,0.7455163862254635,0.6497920772909662,0.6497920772909662,Y290,2
423,L,,,,0.7433611457925782,0.7433611457925782,0.7433611457925782,Y420,1
207,P,,,,0.7164829210786622,0.7538734344805654,0.7538734344805654,L202,2
44,L,,,,0.7156038854640455,0.7156038854640455,0.7156038854640455,L45,1
48,P,,,,0.7015071492173081,0.4669920353080905,0.4669920353080905,N47,2
45,L,,,,0.6998770439222397,0.7156038854640455,0.7156038854640455,L44,2
359,V,,,,0.6935389583665706,0.7298436389542875,0.7298436389542875,C325,2
149,V,,,,0.6809724702762585,0.3114920294571518,0.3114920294571518,I121,4
96,L,,,,0.6768276962765868,1.271888053778532,1.271888053778532,W100,3
246,V,,,,0.6655928623325992,0.5227807441321711,0.5227807441321711,L249,4
164,S,,,,0.6470052896525518,0.6713042513024715,0.6713042513024715,Q169,3
154,V,,,,0.6256543548197159,0.6580060141036146,0.6580060141036146,F182,6
139,V,,,,0.6179649442680321,0.2680723378505935,0.2680723378505935,V133,6
73,S,,,,0.610390586154957,0.610390586154957,0.610390586154957,V72,1
169,Q,,,,0.6021248874849898,0.6713042513024715,0.6713042513024715,S164,3
395,S,,,,0.600879477796208,0.600879477796208,0.600879477796208,D393,1
104,F,,,,0.5835582706045567,0.7571035307616553,0.7571035307616553,W100,5
32,K,,,,0.5699264030775193,0.3909328857677874,0.3909328857677874,S31,2
136,P,,,,0.564963880308303,2.9678689835883887,2.9678689835883887,R214,8
99,S,,,,0.5629874986012857,0.3718854715950628,0.3718854715950628,L103,3
245,Q,,,,0.543878298630269,0.3108941729802355,0.3108941729802355,I251,2
283,L,,,,0.5283159774723135,0.6406224721464774,0.6406224721464774,F322,5
117,L,,,,0.515433871326184,0.2221175210628194,0.2221175210628194,F113,6
205,V,,,,0.5040601410876879,0.7903815076384726,-0.7903815076384726,Y206,5
239,L,,,,0.46320105733993056,0.313905325912274,0.313905325912274,V235,2
156,P,,,,0.461259780981089,0.47143848286994,0.47143848286994,F113,2
235,V,,,,0.461106693542154,0.313905325912274,0.313905325912274,L239,2
413,S,,,,0.4540905885319165,0.4540905885319165,0.4540905885319165,N414,1
414,N,,,,0.4540905885319165,0.4540905885319165,0.4540905885319165,S413,1
325,C,,,,0.45097904160472807,0.7298436389542875,0.7298436389542875,V359,9
311,A,,,,0.44204124773867914,0.1927381248168387,0.1927381248168387,L297,3
276,A,,,,0.42851249975535244,0.3256112511236715,0.3256112511236715,V281,2
219,A,,,,0.41395097159548183,0.475480465652601,0.475480465652601,Y140,4
418,S,,,,0.4104046463796083,0.7739077577879574,0.7739077577879574,N417,2
121,I,,,,0.3975173852524385,0.3114920294571518,0.3114920294571518,V149,3
360,S,,,,0.3913551803208948,0.4341567690498036,0.4341567690498036,T329,4
171,G,,,,0.3837494049863332,0.3837494049863332,0.3837494049863332,T243,1
31,S,,,,0.3748963885596929,0.3909328857677874,0.3909328857677874,K32,2
112,V,,,,0.35109445335730344,1.4275139484631831,1.4275139484631831,C365,8
66,L,,,,0.3425698549737186,0.3425698549737186,0.3425698549737186,T67,1
103,L,,,,0.3339525960592641,0.3718854715950628,0.3718854715950628,S99,2
229,L,,,,0.3286721735463448,0.2386714538909142,0.2386714538909142,F278,2
180,A,,,,0.3101340447370847,0.2349276957226744,0.2349276957226744,L238,2
29,P,,,,0.3013190019702492,0.3013190019702492,0.3013190019702492,R28,1
28,R,,,,0.3013190019702492,0.3013190019702492,0.3013190019702492,P29,1
400,S,,,,0.2978938949022159,0.2978938949022159,0.2978938949022159,S399,1
399,S,,,,0.2978938949022159,0.2978938949022159,0.2978938949022159,S400,1
234,V,,,,0.28243211899904264,0.3953515039681728,0.3953515039681728,L238,6
189,S,,,,0.27503518182682296,1.0173946280308312,1.0173946280308312,L144,5
251,I,,,,0.2697441901068522,0.4350128379370888,-0.4350128379370888,L249,8
39,D,,,,0.264819250038842,0.264819250038842,0.264819250038842,P40,1
40,P,,,,0.264819250038842,0.264819250038842,0.264819250038842,D39,1
281,V,,,,0.22996442995689143,0.3256112511236715,0.3256112511236715,A276,3
113,F,,,,0.21769336687849217,0.47143848286994,0.47143848286994,P156,6
146,T,,,,0.2064946633651902,0.0886852805334318,0.0886852805334318,H143,3
64,S,,,,0.18677098620081,0.18677098620081,0.18677098620081,E63,1
220,S,,,,0.1864503701776014,0.1864503701776014,0.1864503701776014,V139,1
262,L,,,,0.1614556809863663,0.1614556809863663,0.1614556809863663,T261,1
132,K,,,,0.1558166112592395,0.4456574218032685,0.4456574218032685,F127,2
181,A,,,,0.14685608002794348,0.2224216357022976,0.2224216357022976,V154,3
170,F,,,,0.13068293321081015,1.4255702149767515,1.4255702149767515,W168,4
230,A,,,,0.12829267210990047,0.2302122603284129,-0.2302122603284129,C184,5
357,V,,,,0.12685802578551,0.1082097554358535,-0.1082097554358535,L354,6
54,P,,,,0.1122256686344326,0.1122256686344326,0.1122256686344326,E53,1
53,E,,,,0.1122256686344326,0.1122256686344326,0.1122256686344326,P54,1
375,S,,,,0.10713902740758899,2.7986414306378258,2.7986414306378258,E377,5
406,S,,,,0.1035629877480216,0.1035629877480216,0.1035629877480216,K407,1
370,I,,,,0.10146558788704652,2.5065540605392984,-2.5065540605392984,A317,8
362,I,,,,0.10075641643335362,0.1321309969447323,-0.1321309969447323,I366,3
334,I,,,,0.10011896017158772,0.2803463156264838,0.2803463156264838,F280,4
153,S,,,,0.0993834344671588,0.085898286046976,0.085898286046976,V154,2
188,A,,,,0.09600898633864877,0.422215502333517,-0.422215502333517,I226,5
138,V,,,,0.09071706932382692,0.6674311631117278,0.6674311631117278,F127,5
124,I,,,,0.09059792465481678,0.3140109351942621,-0.3140109351942621,L142,5
416,N,,,,0.082586409239627,0.082586409239627,0.082586409239627,N417,1
419,I,,,,0.08034543965757018,0.4438485510659193,0.4438485510659193,Y420,2
350,Y,,,,0.0795431295373567,0.1319284798033296,0.1319284798033296,L354,2
92,A,,,,0.07579664771630659,0.0617433973409285,0.0617433973409285,I88,2
247,P,,,,0.0725537590900304,0.0725537590900304,0.0725537590900304,V246,1
361,S,,,,0.06442576426631791,0.4361522509880813,-0.4361522509880813,V112,5
344,S,,,,0.0544307234781208,0.0544307234781208,0.0544307234781208,T345,1
95,Y,,,,0.0537805821578084,0.0537805821578084,0.0537805821578084,D91,1
84,L,,,,0.0466136405260981,0.0466136405260981,0.0466136405260981,P85,1
85,P,,,,0.0466136405260981,0.0466136405260981,0.0466136405260981,L84,1
25,R,,,,0.0280354468613249,0.0280354468613249,0.0280354468613249,A26,1
26,A,,,,0.0280354468613249,0.0280354468613249,0.0280354468613249,R25,1
114,V,,,,0.027719200983863903,0.0335986994577324,0.0335986994577324,F113,2
118,P,,,,0.019535760952484597,0.0168374957191637,0.0168374957191637,L117,2
129,L,,,,0.0038371249622482003,0.0271330312653641,0.0271330312653641,I128,3
6,L,,,,4.6205197813287135e-05,4.6205197813287135e-05,4.6205197813287135e-05,F313,1
277,V,,,,-0.006762681608776699,0.0094702984846941,-0.0094702984846941,F278,2
301,A,,,,-0.0076971708593719,0.0076971708593719,-0.0076971708593719,V302,1
272,S,,,,-0.010291826897000797,0.0402749350486418,-0.0402749350486418,Y269,2
407,K,,,,-0.015701440478352008,0.1192644282263736,-0.1192644282263736,D409,2
43,F,,,,-0.0157268415418058,0.0157268415418058,-0.0157268415418058,L45,1
30,E,,,,-0.0160364972080945,0.0160364972080945,-0.0160364972080945,S31,1
320,C,,,,-0.0161965592776373,0.0361638015001247,-0.0361638015001247,C325,2
133,V,,,,-0.019117861307792226,0.3789595762792528,-0.3789595762792528,L216,5
125,V,,,,-0.019266274022181302,0.0306243653090808,-0.0306243653090808,I121,3
386,L,,,,-0.0286963201528223,0.0286963201528223,-0.0286963201528223,V382,1
391,S,,,,-0.0300761311620442,0.0300761311620442,-0.0300761311620442,C388,1
284,I,,,,-0.0458767766741223,0.0458767766741223,-0.0458767766741223,V288,1
324,I,,,,-0.0547812510632207,0.0566523780815548,-0.0566523780815548,I323,4
13,F,,,,-0.055203960970777,0.0614436485714134,-0.0614436485714134,V9,2
35,N,,,,-0.0582553025116349,0.0582553025116349,-0.0582553025116349,T34,1
9,V,,,,-0.0614436485714134,0.0614436485714134,-0.0614436485714134,F13,1
288,V,,,,-0.0817516519502587,0.0458767766741223,-0.0458767766741223,I284,2
352,A,,,,-0.1207623559653927,0.1207623559653927,-0.1207623559653927,L332,1
115,V,,,,-0.1291428935038037,0.1458480699099658,-0.1458480699099658,L119,3
289,C,,,,-0.1458551628568044,0.216573490878372,-0.216573490878372,I198,4
90,E,,,,-0.15721876773781418,0.2787074659932693,-0.2787074659932693,L249,2
397,Y,,,,-0.1624296390386119,0.1624296390386119,-0.1624296390386119,N398,1
398,N,,,,-0.1624296390386119,0.1624296390386119,-0.1624296390386119,Y397,1
190,I,,,,-0.1630514284714938,2.100843026130756,2.100843026130756,F326,7
310,R,TM6,,6.32x33,-0.16415622882072062,4.395405642527539,4.395405642527539,Q379,5
285,I,,,,-0.1668969839085351,0.1048336089094728,-0.1048336089094728,V281,4
49,N,,,,-0.18769529964303908,0.4222104135522566,-0.4222104135522566,N47,2
250,N,,,,-0.1904566918286107,0.1904566918286107,-0.1904566918286107,D167,1
249,L,,,,-0.19093955979818694,0.5227807441321711,0.5227807441321711,V246,3
134,K,,,,-0.2179567768637262,0.289840810544029,-0.289840810544029,K132,2
292,S,,,,-0.22649876627150814,0.6518799947397524,-0.6518799947397524,F201,3
56,W,,,,-0.2385453246654315,0.2385453246654315,-0.2385453246654315,D58,1
128,I,,,,-0.2422319923344859,0.2936467274169269,-0.2936467274169269,L142,3
273,A,,,,-0.2521081837022398,0.2521081837022398,-0.2521081837022398,Y269,1
354,L,,,,-0.25380837034429043,0.6875498141141747,-0.6875498141141747,V105,6
231,I,,,,-0.2625099026510302,0.2625099026510302,-0.2625099026510302,C184,1
98,S,,,,-0.26751707637527383,0.1658531506038115,-0.1658531506038115,S93,3
105,V,,,,-0.27203261480644153,0.6875498141141747,-0.6875498141141747,L354,8
304,N,,,,-0.27333442512034334,2.5077553751589057,-2.5077553751589057,K307,3
366,I,,,,-0.27365731865393467,1.3237017055277345,-1.3237017055277345,I370,7
269,Y,,,,-0.29238311875088163,0.2521081837022398,-0.2521081837022398,A273,2
236,P,,,,-0.2973823810710513,0.258934967452202,-0.258934967452202,Y267,3
327,G,,,,-0.3043507220255218,0.2274716509411831,-0.2274716509411831,F279,2
78,S,,,,-0.3056578183367852,0.3056578183367852,-0.3056578183367852,P79,1
79,P,,,,-0.3056578183367852,0.3056578183367852,-0.3056578183367852,S78,1
8,L,,,,-0.3133992107348745,0.3133992107348745,-0.3133992107348745,Y373,1
58,D,,,,-0.32543483266740636,0.2385453246654315,-0.2385453246654315,W56,2
59,E,,,,-0.327623011107014,0.2407335031050391,-0.2407335031050391,K61,2
387,C,,,,-0.328137050861264,0.328137050861264,-0.328137050861264,Y383,1
332,L,,,,-0.3285218483951561,0.1231938846334528,-0.1231938846334528,Y353,3
177,F,,,,-0.34535402640427454,0.235397773783423,-0.235397773783423,V154,5
316,A,,,,-0.3805609081996106,0.3805609081996106,-0.3805609081996106,Y290,1
383,Y,,,,-0.3843546864835822,0.328137050861264,-0.328137050861264,C387,2
412,S,,,,-0.386507267943484,0.386507267943484,-0.386507267943484,T410,1
410,T,,,,-0.386507267943484,0.386507267943484,-0.386507267943484,S412,1
108,V,,,,-0.40703707705961145,0.5273703169773708,-0.5273703169773708,C358,4
365,C,,,,-0.41187106484565045,1.5546482515749611,-1.5546482515749611,S116,5
356,C,,,,-0.4163601320224043,0.4849729483526608,-0.4849729483526608,P328,4
222,T,,,,-0.41739922961231524,1.530072941157031,-1.530072941157031,Y140,4
282,P,,,,-0.41942630912165285,1.7754442732573636,-1.7754442732573636,T194,7
237,L,,,,-0.4234946461340416,1.0091330343345963,-1.0091330343345963,F271,6
287,T,,,,-0.431787200500872,0.4380162248397878,-0.4380162248397878,F319,3
198,I,,,,-0.4694418109747774,0.2348091794097609,-0.2348091794097609,T194,5
160,S,,,,-0.4787878163354339,0.3024120517527149,-0.3024120517527149,F170,2
323,I,,,,-0.49701888494631646,0.2404113285294284,-0.2404113285294284,F319,4
260,E,,,,-0.5234702574942072,0.9140674367939564,-0.9140674367939564,L263,2
157,F,,,,-0.5243578589141547,0.5115200538039493,-0.5115200538039493,F170,5
211,L,,,,-0.5314896790377917,0.5314896790377917,-0.5314896790377917,S210,1
404,M,,,,-0.5538965285202706,0.5538965285202706,-0.5538965285202706,L403,1
403,L,,,,-0.5538965285202706,0.5538965285202706,-0.5538965285202706,M404,1
150,L,,,,-0.5917233093021566,0.5260461820723396,-0.5260461820723396,W227,3
142,L,,,,-0.5972987621200057,0.3140109351942621,-0.3140109351942621,I124,4
155,L,,,,-0.5981639738139426,1.102669622167737,-1.102669622167737,Y109,8
388,C,,,,-0.6008695034359346,0.5145757366515722,-0.5145757366515722,S384,3
193,M,,,,-0.6012525204406761,1.5916547487232018,-1.5916547487232018,V318,8
127,F,,,,-0.6045796447133968,1.1489547270828768,-1.1489547270828768,M131,11
328,P,,,,-0.6130862348069808,0.4849729483526608,-0.4849729483526608,C356,2
303,A,,,,-0.6188326160204036,0.6188326160204036,-0.6188326160204036,V302,1
335,A,,,,-0.6244840332980947,0.9054073306165396,-0.9054073306165396,L340,2
120,N,,,,-0.6280112732529056,2.306302439554529,-2.306302439554529,A145,7
148,D,,,,-0.640974208083577,2.552892303291845,-2.552892303291845,C364,7
385,I,,,,-0.6681821239974428,0.4023285843442815,-0.4023285843442815,V126,3
302,V,,,,-0.6966647277818708,1.003803140669549,-1.003803140669549,K308,5
137,A,,,,-0.7000832758419033,1.5604931215179092,-1.5604931215179092,R200,4
256,D,ECL2,,45.52x52,-0.7361374417804828,8.535560556272715,-8.535560556272715,K240,9
258,L,,,,-0.7587202140926579,2.8045211764321243,2.8045211764321243,Y267,5
322,F,,,,-0.7656453883550833,1.6030503464213628,-1.6030503464213628,I190,10
408,M,,,,-0.7738892607307439,0.7738892607307439,-0.7738892607307439,D409,1
176,R,TM3,,3.26x26,-0.7871258879860257,3.065281226346732,-3.065281226346732,E241,4
259,N,,,,-0.8013072498466696,0.8013072498466696,-0.8013072498466696,V257,1
184,C,,,,-0.809806687499556,0.4792081470876183,-0.4792081470876183,W227,4
197,S,,,,-0.8153897246506573,1.7599727446308178,-1.7599727446308178,S286,5
151,F,,,,-0.8157593503171201,0.8330351770561668,-0.8330351770561668,N185,7
126,V,,,,-0.8228643619523267,0.5609307340743186,-0.5609307340743186,F127,4
143,H,,,,-0.8335300616426427,0.863418807826628,-0.863418807826628,C223,5
72,V,,,,-0.8338163336747455,1.4442069198297025,-1.4442069198297025,L71,2
409,D,,,,-0.8931536889571176,0.7738892607307439,-0.7738892607307439,M408,2
321,I,,,,-0.8947616290091521,0.7041142414882685,0.7041142414882685,I366,7
223,C,,,,-0.9084288714239481,0.863418807826628,-0.863418807826628,H143,4
261,T,,,,-0.9219520884302463,1.4740049487163618,-1.4740049487163618,K82,3
349,A,,,,-0.9728492200602319,1.259986546364153,-1.259986546364153,L340,2
369,L,,,,-0.9799139274644052,1.02715279282272,-1.02715279282272,L119,4
1,M,,,,-0.9852758992252568,0.9852758992252568,-0.9852758992252568,F313,1
263,L,,,,-0.9913837008414674,1.3156746670064856,1.3156746670064856,K240,5
293,I,,,,-1.0020386833294053,1.0197904026255835,-1.0197904026255835,F201,8
185,N,,,,-1.0025270978794791,0.8330351770561668,-0.8330351770561668,F151,5
147,A,,,,-1.035764261857299,0.6905996085145923,-0.6905996085145923,S189,5
367,D,,,,-1.0495399350505716,2.362085916774848,-2.362085916774848,L144,10
300,S,,,,-1.0523856812700394,2.308495414955357,-2.308495414955357,K308,3
93,S,,,,-1.086948865220986,1.0425844128726296,-1.0425844128726296,I88,3
339,F,,,,-1.0873343760248502,1.368257673343295,-1.368257673343295,S338,2
286,S,,,,-1.0933800963331368,1.7599727446308178,-1.7599727446308178,S197,4
257,V,,,,-1.113258151755034,1.2359781933551115,-1.2359781933551115,Q242,5
227,W,,,,-1.117095448250922,0.5260461820723396,-0.5260461820723396,L150,7
238,L,,,,-1.1310875841011432,1.725796833633522,-1.725796833633522,R176,4
382,V,,,,-1.215570039705584,1.1868737195527617,-1.1868737195527617,Y372,2
33,A,,,,-1.299789065515206,1.478782582824938,-1.478782582824938,T34,2
368,P,,,,-1.3155372149159865,1.173048837270493,-1.173048837270493,N120,7
67,T,,,,-1.3180881494799888,1.6606580044537074,-1.6606580044537074,E68,2
308,K,,,,-1.3819144950096087,2.308495414955357,-2.308495414955357,S300,3
338,S,,,,-1.459207357445649,1.368257673343295,-1.368257673343295,F339,2
82,K,,,,-1.4740049487163618,1.4740049487163618,-1.4740049487163618,T261,1
71,L,,,,-1.4984981237994508,1.4442069198297025,-1.4442069198297025,V72,2
264,E,,,,-1.5292167531248724,1.5292167531248724,-1.5292167531248724,L258,1
34,T,,,,-1.5370378853365727,1.478782582824938,-1.478782582824938,A33,2
216,L,,,,-1.6074410566416288,0.5217739037335426,-0.5217739037335426,K135,5
196,I,,,,-1.646940793245797,1.322312878616296,-1.322312878616296,M141,7
186,M,,,,-1.6777557701256354,1.4369238707411112,-1.4369238707411112,Y187,6
131,M,,,,-1.7211771969216385,2.632310053898426,-2.632310053898426,Y371,8
275,S,,,,-1.7815837822467862,2.8065581888695674,-2.8065581888695674,N330,5
342,H,,,,-1.8161022973536665,1.8161022973536665,-1.8161022973536665,S341,1
341,S,,,,-1.8161022973536665,1.8161022973536665,-1.8161022973536665,H342,1
343,T,,,,-1.816290594766699,1.816290594766699,-1.816290594766699,T345,1
119,L,,,,-1.8379313216041684,1.0846768282821582,-1.0846768282821582,Y372,5
347,E,,,,-1.9145382896478267,1.1339762617750433,-1.1339762617750433,I88,5
179,T,,,,-1.9586872993470212,2.297926429219724,-2.297926429219724,E241,4
116,S,,,,-2.0208367983276863,1.5585104403389924,-1.5585104403389924,C364,5
88,I,,,,-2.1148172773067446,1.1339762617750433,-1.1339762617750433,E347,3
215,T,,,,-2.2102702067558515,2.6412539902951058,2.6412539902951058,R218,5
317,A,,,,-2.2261664297031074,2.5065540605392984,-2.5065540605392984,I370,2
252,T,,,,-2.25817952983561,1.867042971714508,-1.867042971714508,W168,7
330,N,,,,-2.397306495676145,2.8065581888695674,-2.8065581888695674,S275,4
307,K,,,,-2.414291921009668,2.5077553751589057,-2.5077553751589057,N304,2
346,T,,,,-2.427514574122265,1.5128082749961438,-1.5128082749961438,L340,2
122,M,,,,-2.596388056742408,2.2661054704981103,-2.2661054704981103,Y372,2
312,L,,,,-2.7552833729727593,1.031035412153254,-1.031035412153254,L297,5
194,T,,,,-2.773297607703869,1.7754442732573636,-1.7754442732573636,P282,5
378,C,,,,-2.8681444076093947,1.9230772043632207,-1.9230772043632207,S375,6
183,Y,TM3,,3.33x33,-3.033146344820595,3.589445268536871,-3.589445268536871,Y187,7
376,S,H8,,8.48x48,-3.2146422734229883,3.142302244759032,-3.142302244759032,R310,3
123,A,TM1,,1.53x53,-3.2851557671938885,3.4866944806404625,-3.4866944806404625,Y372,5
345,T,,,,-3.3265300062809606,1.816290594766699,-1.816290594766699,T343,3
47,N,N-term,,,-3.3744479349658456,3.4192295567216795,-3.4192295567216795,D50,3
50,D,N-term,,,-3.4192295567216795,3.4192295567216795,-3.4192295567216795,N47,1
355,L,TM7,,7.37x36,-3.5448166904535934,3.1196023476242765,-3.1196023476242765,F351,2
340,L,,,,-4.052495224857835,1.5646701349923828,-1.5646701349923828,T345,6
192,L,TM3,,3.42x42,-4.2013683574272696,4.475837990865183,-4.475837990865183,Y140,8
364,C,,,,-4.685131791279471,2.552892303291845,-2.552892303291845,D148,6
241,E,ECL2,,,-4.904734612200576,3.065281226346732,-3.065281226346732,R176,7
140,Y,TM2,,2.42x42,-5.134632504125764,4.475837990865183,-4.475837990865183,L192,8
278,F,TM5,,5.46x46,-6.035377299529623,9.40966109929975,-9.40966109929975,F274,8
240,K,TM4,,4.63x64,-9.585765461126634,8.535560556272715,-8.535560556272715,D256,9
274,F,TM5,,5.42x42,-10.184677709145125,10.537734048052636,-10.537734048052636,Y187,5
187,Y,TM3,,3.37x37,-12.92334651111344,10.537734048052636,-10.537734048052636,F274,8
