cfr_score_rank,recurrence_rank,generic_number,segment,n_receptors,pct_receptors,mean_abs_delta,max_abs_delta,n_contacts_pooled,norm_frequency,norm_delta,cfr_score
1,1,3.50x50,TM3,274,96.8198,4.559894275535966,24.51941114712957,910,1.0,0.4520990118068596,0.7260495059034298
2,3,6.48x48,TM6,245,86.5724,4.355833214600458,22.862012016906384,706,0.8941605839416058,0.4318670067596901,0.663013795350648
3,2,7.53x53,TM7,254,89.7527,3.987984624315682,20.091430330386675,809,0.927007299270073,0.3953959892068223,0.6612016442384476
4,7,3.49x49,TM3,227,80.212,4.767371858360137,14.372864061508707,405,0.8284671532846716,0.4726697541308926,0.650568453707782
5,4,5.58x58,TM5,233,82.3322,4.468295556690324,14.531289245413276,598,0.8503649635036497,0.4430172902206673,0.6466911268621585
6,5,6.44x44,TM6,233,82.3322,4.226294791666059,14.312388089039624,644,0.8503649635036497,0.4190236842041958,0.6346943238539227
7,6,7.56x56,TM7,229,80.9187,4.26069428151555,15.17294623220922,396,0.8357664233576643,0.4224342841935534,0.6291003537756088
8,8,8.50x50,H8,217,76.6784,4.614650233232601,20.091430330386675,516,0.791970802919708,0.4575278908267086,0.6247493468732084
9,9,7.54x54,TM7,209,73.8516,4.712379856280378,19.953135343777888,413,0.7627737226277372,0.4672174720613444,0.6149955973445409
10,12,2.39x39,TM2,200,70.6714,4.591518546309096,24.51941114712957,295,0.7299270072992701,0.4552344576531263,0.5925807324761982
11,11,8.51x51,H8,204,72.0848,4.323981988438528,40.94104820682912,324,0.7445255474452555,0.4287090590085983,0.5866173032269268
12,10,7.45x45,TM7,208,73.4982,3.93479976526902,13.031921158406536,427,0.7591240875912408,0.3901228796202504,0.5746234836057457
13,15,6.30x30,TM6,188,66.4311,4.455420339953122,13.914934898183729,373,0.6861313868613139,0.4417407534389009,0.5639360701501074
14,21,6.38x38,TM6,158,55.8304,5.458582387485302,12.771455636559573,182,0.5766423357664233,0.5412010792637003,0.5589217075150619
15,13,7.55x55,TM7,190,67.1378,4.237307524674672,16.52692018837385,348,0.6934306569343066,0.4201155616490739,0.5567731092916903
16,16,3.40x40,TM3,186,65.7244,4.071761342835681,10.157797233079547,289,0.6788321167883211,0.4037021843435202,0.5412671505659207
17,14,7.49x49,TM7,189,66.7845,3.469710527678828,8.979132715822617,273,0.6897810218978102,0.3440107612221068,0.5168958915599585
18,327,3.19x19,TM3,6,2.1201,10.086052294854364,15.909882319405476,6,0.0218978102189781,1.0,0.5109489051094891
19,18,6.36x36,TM6,164,57.9505,4.070554874946609,11.301407092081444,236,0.5985401459854015,0.4035825668902488,0.5010613564378252
20,28,45.52x52,ECL2,146,51.5901,4.714150429869408,13.796206144203158,292,0.5328467153284672,0.4673930188002735,0.5001198670643704
21,20,5.47x47,TM5,159,56.1837,4.168859646366219,17.711264038389842,277,0.5802919708029197,0.4133291722563307,0.4968105715296252
22,26,6.58x58,TM6,148,52.2968,4.567906880642237,15.110926758825483,225,0.5401459854014599,0.4528934361140148,0.4965197107577373
23,22,7.42x41,TM7,154,54.417,4.28898711009676,16.75225246544921,182,0.5620437956204379,0.4252394281442391,0.4936416118823385
24,19,7.50x50,TM7,162,57.2438,3.982243423163182,7.701851122191813,229,0.5912408759124088,0.3948267673760542,0.4930338216442315
25,30,45.51x51,ECL2,144,50.8834,4.629909702297924,14.572823077008769,298,0.5255474452554745,0.4590408186421937,0.4922941319488341
26,38,6.32x32,TM6,132,46.6431,4.997676175652178,19.573682345420945,230,0.4817518248175182,0.4955036945626249,0.4886277596900715
27,34,5.35x36,TM5,136,48.0565,4.81059916802478,19.97665523236333,257,0.4963503649635036,0.4769556043724877,0.4866529846679956
28,17,3.43x43,TM3,174,61.4841,3.3536133815650717,9.654677831007378,254,0.635036496350365,0.3325000985049419,0.4837682974276534
29,24,6.52x52,TM6,150,53.0035,4.218161959373514,17.711264038389842,222,0.5474452554744526,0.4182173397539797,0.4828312976142161
30,25,3.36x36,TM3,149,52.6502,4.083851464430508,22.862012016906384,268,0.5437956204379562,0.4049008814394091,0.4743482509386826
31,33,7.35x34,TM7,138,48.7633,4.467162483171255,14.68046152226937,229,0.5036496350364964,0.4429049495857049,0.4732772923111006
32,32,6.55x55,TM6,139,49.1166,4.424212808148789,19.34655264610181,220,0.5072992700729927,0.4386466259356898,0.4729729480043413
33,27,6.51x51,TM6,147,51.9435,4.088288898737988,20.36389197930865,218,0.5364963503649635,0.4053408389349443,0.4709185946499539
34,31,2.43x43,TM2,143,50.53,4.171088559139795,19.048029201001388,171,0.5218978102189781,0.4135501618673714,0.4677239860431748
35,35,1.60x60,TM1,136,48.0565,4.372253200867626,16.001777148050373,213,0.4963503649635036,0.4334949961639832,0.4649226805637434
36,57,8.48x48,H8,112,39.576,5.192214835604078,16.285306414399557,148,0.4087591240875912,0.5147915838442567,0.4617753539659239
37,39,3.29x29,TM3,128,45.2297,4.580199527249482,20.594166512385417,206,0.4671532846715328,0.4541122129206268,0.4606327487960798
38,37,7.36x35,TM7,135,47.7032,4.303014168556511,17.050819102095485,203,0.4927007299270073,0.4266301663686391,0.4596654481478232
39,23,2.50x50,TM2,152,53.7102,3.6714397122805007,9.590557857055668,236,0.5547445255474452,0.3640115681487763,0.4593780468481108
40,40,7.32x31,TM7,125,44.1696,4.625219197675995,21.39464527462217,200,0.4562043795620438,0.4585757700300304,0.4573900747960371
41,36,3.37x37,TM3,136,48.0565,4.151824585852668,19.04182508100251,216,0.4963503649635036,0.4116402001971395,0.4539952825803215
42,29,6.37x37,TM6,146,51.5901,3.782500304606968,12.104872650002864,206,0.5328467153284672,0.3750228725798595,0.4539347939541633
43,69,5.66x66,TM5,103,36.3958,5.2969950085608986,18.46470808441952,123,0.3759124087591241,0.5251802046736646,0.4505463067163943
44,43,3.33x33,TM3,121,42.7562,4.454911305013809,19.34655264610181,195,0.4416058394160584,0.4416902842439739,0.4416480618300161
45,45,5.62x62,TM5,120,42.4028,4.354949802831718,16.152437448319336,154,0.437956204379562,0.4317794192930665,0.4348678118363143
46,46,5.68x68,TM5,120,42.4028,4.354061622360256,12.840985829408613,165,0.437956204379562,0.4316913590247377,0.4348237817021499
47,48,3.26x26,TM3,119,42.0495,4.340220730715139,12.643607115293808,182,0.4343065693430657,0.4303190786477881,0.4323128239954269
48,66,34.53x53,ICL2,104,36.7491,4.871289227846944,27.899017386668483,189,0.3795620437956204,0.4829728307409378,0.4312674372682791
49,44,6.59x59,TM6,121,42.7562,4.204379876455936,12.84987038765864,175,0.4416058394160584,0.4168508900752873,0.4292283647456728
50,53,6.33x33,TM6,116,40.9894,4.377374546358642,17.862696827887486,169,0.4233576642335766,0.4340027612777561,0.4286802127556663
