recurrence_rank,cfr_score_rank,generic_number,segment,n_receptors,pct_receptors,mean_abs_delta,max_abs_delta,n_contacts_pooled,cfr_score,on_figure2a_scaffold,on_adrb2_scaffold,adrb2_residue,included_in_Fig_2a
1,1,3.50x50,TM3,274,96.8198,4.559894275535966,24.51941114712957,910,0.7260495059034298,True,True,R131,True
2,3,7.53x53,TM7,254,89.7527,3.987984624315682,20.091430330386675,809,0.6612016442384476,True,True,Y326,True
3,2,6.48x48,TM6,245,86.5724,4.355833214600458,22.862012016906384,706,0.663013795350648,True,True,W286,True
4,5,5.58x58,TM5,233,82.3322,4.468295556690324,14.531289245413276,598,0.6466911268621585,True,True,Y219,True
5,6,6.44x44,TM6,233,82.3322,4.226294791666059,14.312388089039624,644,0.6346943238539227,True,True,F282,True
6,7,7.56x56,TM7,229,80.9187,4.26069428151555,15.17294623220922,396,0.6291003537756088,True,False,,True
7,4,3.49x49,TM3,227,80.212,4.767371858360137,14.372864061508707,405,0.650568453707782,True,True,D130,True
8,8,8.50x50,H8,217,76.6784,4.614650233232601,20.091430330386675,516,0.6247493468732084,True,True,F332,True
9,9,7.54x54,TM7,209,73.8516,4.712379856280378,19.953135343777888,413,0.6149955973445409,True,True,C327,True
10,12,7.45x45,TM7,208,73.4982,3.93479976526902,13.031921158406536,427,0.5746234836057457,True,True,N318,True
11,11,8.51x51,H8,204,72.0848,4.323981988438528,40.94104820682912,324,0.5866173032269268,True,True,R333,True
12,10,2.39x39,TM2,200,70.6714,4.591518546309096,24.51941114712957,295,0.5925807324761982,True,True,T68,True
13,15,7.55x55,TM7,190,67.1378,4.237307524674672,16.52692018837385,348,0.5567731092916903,True,True,R328,True
14,17,7.49x49,TM7,189,66.7845,3.469710527678828,8.979132715822617,273,0.5168958915599585,True,True,N322,True
15,13,6.30x30,TM6,188,66.4311,4.455420339953122,13.914934898183729,373,0.5639360701501074,True,True,E268,True
16,16,3.40x40,TM3,186,65.7244,4.071761342835681,10.157797233079547,289,0.5412671505659207,True,True,I121,True
17,28,3.43x43,TM3,174,61.4841,3.3536133815650717,9.654677831007378,254,0.4837682974276534,True,True,L124,True
18,19,6.36x36,TM6,164,57.9505,4.070554874946609,11.301407092081444,236,0.5010613564378252,True,True,T274,True
19,24,7.50x50,TM7,162,57.2438,3.982243423163182,7.701851122191813,229,0.4930338216442315,True,True,P323,True
20,21,5.47x47,TM5,159,56.1837,4.168859646366219,17.711264038389842,277,0.4968105715296252,True,True,F208,True
21,14,6.38x38,TM6,158,55.8304,5.458582387485302,12.771455636559573,182,0.5589217075150619,True,True,G276,True
22,23,7.42x41,TM7,154,54.417,4.28898711009676,16.75225246544921,182,0.4936416118823385,True,True,G315,True
23,39,2.50x50,TM2,152,53.7102,3.6714397122805007,9.590557857055668,236,0.4593780468481108,True,True,D79,True
24,29,6.52x52,TM6,150,53.0035,4.218161959373514,17.711264038389842,222,0.4828312976142161,True,True,F290,True
25,30,3.36x36,TM3,149,52.6502,4.083851464430508,22.862012016906384,268,0.4743482509386826,True,True,V117,True
26,22,6.58x58,TM6,148,52.2968,4.567906880642237,15.110926758825483,225,0.4965197107577373,True,True,H296,True
27,33,6.51x51,TM6,147,51.9435,4.088288898737988,20.36389197930865,218,0.4709185946499539,True,True,F289,True
28,20,45.52x52,ECL2,146,51.5901,4.714150429869408,13.796206144203158,292,0.5001198670643704,False,True,F193,False
29,42,6.37x37,TM6,146,51.5901,3.782500304606968,12.104872650002864,206,0.4539347939541633,True,True,L275,True
30,25,45.51x51,ECL2,144,50.8834,4.629909702297924,14.572823077008769,298,0.4922941319488341,False,True,D192,False
31,34,2.43x43,TM2,143,50.53,4.171088559139795,19.048029201001388,171,0.4677239860431748,True,True,I72,True
32,32,6.55x55,TM6,139,49.1166,4.424212808148789,19.34655264610181,220,0.4729729480043413,True,True,N293,True
33,31,7.35x34,TM7,138,48.7633,4.467162483171255,14.68046152226937,229,0.4732772923111006,True,True,Y308,True
34,27,5.35x36,TM5,136,48.0565,4.81059916802478,19.97665523236333,257,0.4866529846679956,True,True,N196,True
35,35,1.60x60,TM1,136,48.0565,4.372253200867626,16.001777148050373,213,0.4649226805637434,True,True,F61,True
36,41,3.37x37,TM3,136,48.0565,4.151824585852668,19.04182508100251,216,0.4539952825803215,True,True,T118,True
37,38,7.36x35,TM7,135,47.7032,4.303014168556511,17.050819102095485,203,0.4596654481478232,True,True,I309,True
38,26,6.32x32,TM6,132,46.6431,4.997676175652178,19.573682345420945,230,0.4886277596900715,True,True,K270,True
39,37,3.29x29,TM3,128,45.2297,4.580199527249482,20.594166512385417,206,0.4606327487960798,True,True,T110,True
40,40,7.32x31,TM7,125,44.1696,4.625219197675995,21.39464527462217,200,0.4573900747960371,True,True,K305,True
41,55,23.50x50,ECL1,125,44.1696,3.937085259997129,11.00400747130777,217,0.4232769293570662,False,True,W99,False
42,53,7.39x38,TM7,124,43.8163,4.01397969268152,13.47382829527569,196,0.4252640310335867,True,True,N312,True
43,44,3.33x33,TM3,121,42.7562,4.454911305013809,19.34655264610181,195,0.4416480618300161,True,True,V114,True
44,49,6.59x59,TM6,121,42.7562,4.204379876455936,12.84987038765864,175,0.4292283647456728,True,True,V297,True
45,45,5.62x62,TM5,120,42.4028,4.354949802831718,16.152437448319336,154,0.4348678118363143,True,True,F223,True
46,46,5.68x68,TM5,120,42.4028,4.354061622360256,12.840985829408613,165,0.4348237817021499,True,True,Q229,True
47,56,5.65x65,TM5,120,42.4028,4.108392681437962,21.472592968164307,153,0.4226451347082399,True,True,A226,True
48,47,3.26x26,TM3,119,42.0495,4.340220730715139,12.643607115293808,182,0.4323128239954269,True,True,E107,True
49,63,7.43x42,TM7,119,42.0495,3.801384952818336,10.855862590061342,196,0.4056008973592889,True,True,Y316,True
50,74,5.54x54,TM5,119,42.0495,3.5089530898928945,9.860429460992613,177,0.3911040528865196,True,True,M215,True
51,54,45.50x50,ECL2,117,41.3428,4.246942166613397,11.692495966508051,186,0.4240390525091656,False,True,C191,False
52,60,1.39x39,TM1,117,41.3428,4.02831718079713,33.42193845580601,190,0.4132010665744802,True,True,M40,True
53,50,6.33x33,TM6,116,40.9894,4.377374546358642,17.862696827887486,169,0.4286802127556663,True,True,A271,True
54,52,34.57x57,ICL2,114,40.2827,4.411337342946622,16.77836857608861,221,0.4267142293399982,False,True,L145,False
55,58,6.34x34,TM6,114,40.2827,4.263191478391084,14.956311994614095,186,0.4193701337402204,True,True,L272,True
56,59,5.51x51,TM5,114,40.2827,4.193911561059176,12.894107115143758,155,0.4159356920326728,True,True,L212,True
57,36,8.48x48,H8,112,39.576,5.192214835604078,16.285306414399557,148,0.4617753539659239,True,True,P330,True
58,77,6.40x40,TM6,112,39.576,3.734629506516013,12.21703327261474,174,0.3895178796599615,True,True,I278,True
59,80,8.54x54,H8,110,38.8693,3.7624477223327153,10.886942362946677,183,0.3872472884259098,True,True,F336,True
60,68,5.38x39,TM5,108,38.1625,4.022331560567621,11.7613514048152,179,0.3964809813078842,True,True,Y199,True
61,71,8.47x47,H8,108,38.1625,3.970391095927868,14.082452733983711,164,0.3939061153880311,True,True,S329,True
62,51,8.49x49,H8,107,37.8092,4.669809287654202,18.93168396990429,164,0.4267538422548224,True,True,D331,True
63,82,7.51x51,TM7,106,37.4558,3.892087856045412,9.10992997597349,117,0.3863747217807208,True,True,L324,True
64,66,7.40x39,TM7,105,37.1025,4.1522466915750975,12.589370796938068,168,0.3974468647344311,True,True,W313,True
65,86,6.47x47,TM6,105,37.1025,3.7748534628996175,19.88654888159268,130,0.3787381956911417,True,True,C285,True
66,48,34.53x53,ICL2,104,36.7491,4.871289227846944,27.899017386668483,189,0.4312674372682791,False,True,Y141,False
67,64,23.49x49,ECL1,104,36.7491,4.27751982842278,9.252829098014166,147,0.4018322637203941,False,True,M98,False
68,65,2.40x40,TM2,104,36.7491,4.2392060667481495,16.291314546497624,174,0.3999329199258861,True,True,N69,True
69,43,5.66x66,TM5,103,36.3958,5.2969950085608986,18.46470808441952,123,0.4505463067163943,True,True,K227,True
70,61,5.69x69,TM5,103,36.3958,4.515912071674198,18.46470808441952,156,0.4118253624830797,True,True,L230,True
71,81,3.32x32,TM3,103,36.3958,4.019265853099912,11.37643349555344,166,0.3872049161451373,True,True,D113,True
72,92,3.47x47,TM3,103,36.3958,3.7512611399052656,6.818403537505102,116,0.3739190087673134,True,True,A128,True
73,88,3.28x28,TM3,102,36.0424,3.840464571690204,12.002027523050042,157,0.3765163094959856,True,True,W109,True
74,67,3.35x35,TM3,100,35.3357,4.324742162294001,9.643712183152193,180,0.3968739657388961,True,True,C116,True
75,73,1.32x32,TM1,98,34.629,4.291630435151557,11.229307408384178,166,0.3915828694956531,True,True,V33,True
76,90,1.35x35,TM1,98,34.629,3.948552804250855,10.060225633341824,134,0.3745753416308743,True,True,M36,True
77,72,8.53x53,H8,97,34.2756,4.332805533841991,16.1316138119254,141,0.3917992420033301,True,True,A335,True
78,95,7.46x46,TM7,97,34.2756,3.888628002999355,9.590557857055668,117,0.3697798474048487,True,True,S319,True
79,62,6.27x27,TM6,96,33.9223,4.6981076474341,15.573784708694095,148,0.4080836957298125,True,True,C265,True
80,69,6.31x31,TM6,96,33.9223,4.4449940698845065,11.528544013067052,133,0.3955359927162793,True,True,H269,True
81,83,3.53x53,TM3,96,33.9223,4.241905439933976,10.34758069611577,129,0.3854681969120607,True,True,A134,True
82,100,6.41x41,TM6,96,33.9223,3.8076416077301753,11.516814309787572,152,0.3639402581552216,True,True,M279,True
83,79,5.39x40,TM5,94,33.2155,4.368100978267299,14.413448511741416,155,0.388074504966287,True,True,A200,True
84,117,3.51x51,TM3,93,32.8622,3.659116190043549,11.3922869200351,124,0.3511028942579294,True,True,Y132,True
85,119,7.41x40,TM7,93,32.8622,3.6198540405894697,19.88654888159268,101,0.3491565356477271,True,True,I314,True
86,102,23.52x52,ECL1,91,32.1555,3.9265361286619935,12.52015673961993,123,0.3607101773297634,False,True,F101,False
87,110,1.57x57,TM1,90,31.8021,3.85245003925512,9.977190870077726,134,0.3552126597678782,True,True,I58,True
88,145,3.39x39,TM3,90,31.8021,3.254524683524936,8.8471330899192,104,0.3255714612964391,True,True,S120,True
89,97,12.51x51,ICL1,89,31.4488,4.126599562609401,21.11563653025616,123,0.3669783688174005,False,True,Q65,False
90,125,2.53x53,TM2,89,31.4488,3.655329584639417,9.573314800838636,123,0.3436159092448672,True,True,M82,True
91,138,1.49x49,TM1,89,31.4488,3.4497519517687163,9.8116289972887,115,0.3334247250798009,True,True,G50,True
92,144,3.46x46,TM3,89,31.4488,3.381170625246587,10.205345582236848,109,0.3300249149004943,True,True,I127,True
93,78,3.52x52,TM3,88,31.0954,4.606132509409889,11.510696816771532,128,0.3889256344086724,True,True,F133,True
94,70,3.22x22,TM3,87,30.742,4.76357733772474,15.938737508387732,138,0.3949058938279678,True,True,N103,True
95,84,34.56x56,ICL2,87,30.742,4.504188425397005,15.320685525707963,114,0.3820471010741334,False,True,L144,False
96,94,6.26x26,TM6,87,30.742,4.281818646809048,10.495055244408194,143,0.3710234729941262,True,True,F264,True
97,101,5.42x43,TM5,87,30.742,4.102854128233991,14.26259128157558,143,0.3621515916403898,True,True,S203,True
98,115,4.56x56,TM4,87,30.742,3.902269825285922,11.762822379977516,109,0.3522079438640243,True,True,T164,True
99,75,2.38x38,TM2,86,30.3887,4.717710835666618,19.040462237039783,134,0.3908073174238212,True,True,V67,True
100,91,4.41x41,TM4,85,30.0353,4.422753002890012,14.770686313688325,137,0.3743604344951505,True,True,K149,True
101,93,8.52x52,H8,83,29.3286,4.473162634500347,15.67075080975315,107,0.3732097767659626,True,True,I334,True
102,96,2.60x60,TM2,83,29.3286,4.400848271061864,22.90685970297188,143,0.3696249072191639,True,True,G90,True
103,104,5.43x44,TM5,83,29.3286,4.198328972266222,12.5878800255636,114,0.3595853351013909,True,True,S204,True
104,121,3.56x56,TM3,82,28.9753,3.973850387439427,16.165561897694197,100,0.3466323487880376,True,True,S137,True
105,131,1.56x56,TM1,82,28.9753,3.834984816498249,11.457728848826203,109,0.3397483089832854,True,True,A57,True
106,105,6.54x54,TM6,81,28.6219,4.246272392873315,10.629166400290016,123,0.3583124188843851,True,True,V292,True
107,89,8.56x56,H8,79,27.9152,4.678272405840202,17.79407136404606,107,0.3760784973668085,True,True,E338,True
108,146,1.53x53,TM1,79,27.9152,3.646769077962877,11.79081467992918,92,0.3249433605599346,True,True,V54,True
109,103,5.64x64,TM5,78,27.5618,4.394988439756144,15.478459611454022,103,0.3602103278113821,True,True,E225,True
110,85,1.59x59,TM1,77,27.2085,4.831555009206697,21.599302658176693,100,0.3800276035863283,True,True,K60,True
111,98,4.60x60,TM4,77,27.2085,4.562733436069445,14.813677260375975,133,0.3667012016761183,True,True,P168,True
112,149,5.46x461,TM5,76,26.8551,3.6986814592996007,19.04182508100251,119,0.3220423817399638,True,True,S207,True
113,163,2.42x42,TM2,76,26.8551,3.462062810669646,7.3186801118812195,102,0.3103123885913723,True,True,F71,True
114,99,2.63x63,TM2,75,26.5018,4.624324195319036,13.926241490293028,118,0.3661048305653411,True,True,H93,True
115,193,7.52x52,TM7,75,26.5018,3.1314033669278536,7.4709627701746815,97,0.2920956550848198,True,True,I325,True
116,134,3.54x54,TM3,74,26.1484,4.036445291586051,10.519149427189062,87,0.3351368514538844,True,True,I135,True
117,142,12.50x50,ICL1,73,25.7951,3.98901815681834,16.291314546497624,107,0.330960909165447,False,True,L64,False
118,139,3.25x25,TM3,72,25.4417,4.059936639860667,15.292446857507894,92,0.3326517626435959,True,True,C106,True
119,130,2.64x64,TM2,71,25.0883,4.240444027119707,14.58298762635155,109,0.3397753117400603,True,True,I94,True
120,133,8.57x57,H8,71,25.0883,4.223685839767879,13.902077253955904,85,0.3389445512570725,True,True,L339,True
121,112,1.55x55,TM1,70,24.735,4.57673094612649,13.638968042446276,86,0.3546213833455156,True,True,T56,True
122,148,6.61x61,TM6,70,24.735,3.9211977123985178,8.262753806153544,89,0.3221243659513857,True,True,Q299,True
123,186,1.50x50,TM1,70,24.735,3.4033715501995294,10.855465369721102,89,0.2964539575963165,True,True,N51,True
124,107,7.33x32,TM7,69,24.3816,4.676739297430813,19.51217165115769,107,0.3577543207734392,True,True,E306,True
125,128,3.55x55,TM3,69,24.3816,4.336497342844265,15.478459611454022,87,0.3408873670516084,True,True,T136,True
126,140,5.34x35,TM5,69,24.3816,4.159718867467408,14.459291338211614,108,0.3321238553123799,True,False,,True
127,114,7.31x30,TM7,68,24.0283,4.619844774609197,18.755528499618315,108,0.3531090477807215,True,True,R304,True
128,120,1.31x31,TM1,68,24.0283,4.5276353648627765,11.069047473377378,107,0.3485379129575626,True,True,W32,True
129,113,2.52x52,TM2,67,23.6749,4.660893729591253,9.643712183152193,72,0.3533191669146954,True,True,V81,True
130,129,12.49x49,ICL1,66,23.3216,4.426993953043071,12.277240168061658,93,0.339899140006768,False,True,R63,False
131,132,5.36x37,TM5,65,22.9682,4.452885263279531,18.17672463305702,104,0.3393578430116917,True,True,Q197,True
132,123,34.52x52,ICL2,64,22.6148,4.6085636012289095,12.455076696309185,81,0.3452505314808357,False,True,K140,False
133,126,4.63x64,TM4,64,22.6148,4.547740640405295,11.44137963114311,113,0.3422353299408514,False,True,H172,False
134,208,4.57x57,TM4,64,22.6148,3.3962093159101188,5.940549380981854,78,0.285149996113926,True,True,S165,True
135,174,1.52x52,TM1,63,22.2615,3.7644755620633914,9.654276339175452,75,0.3015813919974838,True,True,L53,True
136,136,4.39x39,TM4,62,21.9081,4.467820376182512,13.91086454417832,88,0.3346237749238511,True,True,K147,True
137,152,4.64x65,TM4,62,21.9081,4.134260368195768,16.9591848153891,109,0.318088068076638,False,False,,False
138,181,2.41x41,TM2,62,21.9081,3.741004208455254,13.557204622556824,82,0.2985930194568156,True,True,Y70,True
139,111,7.29x28,TM7,61,21.5548,4.919063378528927,11.470637676161337,92,0.3551686115157956,True,False,,True
140,159,4.60x61,TM4,61,21.5548,4.100420503147652,12.41059756699839,99,0.3145856930731198,False,True,I169,False
141,185,2.59x59,TM2,61,21.5548,3.743129666264194,7.266605324458886,70,0.2968735681287678,True,True,F89,True
142,76,4.38x38,TM4,60,21.2014,5.673664244643062,27.899017386668483,80,0.3907519316937554,True,True,T146,True
143,154,5.72x72,TM5,60,21.2014,4.196418901712248,15.573784708694095,89,0.3175198434720602,True,True,I233,True
144,161,3.30x30,TM3,59,20.8481,4.102431618869916,10.357893020088206,76,0.3110357558997453,True,True,S111,True
145,213,1.42x42,TM1,59,20.8481,3.520222946447559,11.570669646787511,67,0.2821736870048921,True,True,I43,True
146,170,4.50x50,TM4,58,20.4947,3.9836115249394135,10.55011885491575,72,0.3033206212159237,True,True,W158,True
147,137,7.28x27,TM7,57,20.1413,4.631916965778859,13.5238437583961,85,0.333634514755628,False,False,,False
148,122,4.63x63,TM4,56,19.788,4.922776098503346,30.567351695436933,91,0.3462285761119656,False,True,M171,False
149,173,6.35x35,TM6,56,19.788,4.030877190734093,11.699082896219542,65,0.3020141063821053,True,True,K273,True
150,225,2.49x49,TM2,56,19.788,3.507407062564157,9.05056676606025,71,0.2760639073911187,True,True,A78,True
151,226,2.47x47,TM2,56,19.788,3.502484174515448,5.938055648089956,65,0.2758198630462753,True,True,A76,True
152,116,2.37x37,TM2,55,19.4346,5.0741595730916105,21.11563653025616,74,0.35190835356124,True,True,T66,True
153,175,2.64x63,TM2,55,19.4346,4.045198599302322,10.718216560245128,96,0.3008992499145021,False,True,H93,False
154,246,5.57x57,TM5,55,19.4346,3.3143609459405243,6.115781992280939,59,0.264669135693567,True,True,V218,True
155,109,6.29x29,TM6,54,19.0813,5.222336221652847,14.1959396869964,82,0.3574291577108881,True,True,K267,True
156,178,3.24x24,TM3,54,19.0813,4.070247259777069,12.591666630536595,75,0.3003161798977777,True,True,W105,True
157,150,6.45x45,TM6,53,18.7279,4.489107292063545,12.894107115143758,89,0.3192556822562055,True,True,T283,True
158,158,6.60x60,TM6,53,18.7279,4.41673553354665,11.234121912131693,64,0.3156679674396852,True,True,I298,True
159,191,2.65x64,TM2,53,18.7279,3.953663768584633,15.755066124912632,94,0.2927119212372348,False,True,I94,False
160,166,8.55x55,H8,52,18.3746,4.286224605565629,11.457728848826203,70,0.3073732782528356,True,True,Q337,True
161,278,2.46x46,TM2,51,18.0212,3.045454557377068,6.292839395994692,59,0.2440392591205145,True,True,L75,True
162,157,5.32x33,TM5,50,17.6678,4.542924817812652,17.355675967636852,77,0.3164491479402234,False,False,,False
163,204,2.57x57,TM2,49,17.3145,3.981491414105228,11.877001261843498,83,0.2867921624292586,True,True,V87,True
164,205,1.58x58,TM1,49,17.3145,3.972293980464931,7.227448681955527,50,0.2863362142856529,True,True,A59,True
165,216,6.57x57,TM6,49,17.3145,3.869998233351018,9.647756356561477,55,0.2812650653304714,True,True,V295,True
166,239,6.49x49,TM6,49,17.3145,3.5792598421983826,6.8752689195851,56,0.2668521720272629,True,True,L287,True
167,180,4.61x62,TM4,48,16.9611,4.286396697725555,12.643607115293808,53,0.3000825393749476,False,True,Q170,False
168,183,2.61x60,TM2,48,16.9611,4.23915726526739,12.467017185355132,74,0.2977407196482015,False,True,G90,False
169,240,8.58x58,H8,48,16.9611,3.613965013032936,10.607052980505902,54,0.2667478081523227,True,True,L340,True
170,200,1.36x36,TM1,47,16.6078,4.097531853826754,8.646545852024921,67,0.2888950476221451,True,True,G37,True
171,179,6.24x24,TM6,46,16.2544,4.36288064782194,10.603778765031311,58,0.3002244745118185,True,True,S262,True
172,194,5.60x60,TM5,46,16.2544,4.198374463798746,11.996838588128313,63,0.2920693420965761,True,True,R221,True
173,201,12.48x48,ICL1,46,16.2544,4.128756980819534,9.36568588517623,57,0.2886181661089834,False,True,E62,False
174,255,7.47x47,TM7,46,16.2544,3.549940091297034,8.690196414628241,61,0.2599242394565409,True,True,G320,True
175,294,3.44x44,TM3,46,16.2544,2.9684287888906717,4.295315425956385,51,0.2310967415710186,True,True,C125,True
176,135,34.54x54,ICL2,45,15.9011,5.093869901275874,16.165561897694197,66,0.3346372865479434,False,True,Q142,False
177,177,2.60x59,TM2,45,15.9011,4.408411353875649,12.591666630536595,59,0.3006567693266552,False,True,F89,False
178,220,6.56x56,TM6,45,15.9011,3.987697971959765,9.28061432995554,54,0.2798005725899735,True,True,I294,True
179,143,6.62x62,TM6,44,15.5477,5.039168432337243,11.882084695448269,88,0.3301007307132809,False,False,,False
180,156,23.51x51,ECL1,44,15.5477,4.766985373960454,21.359247058073127,56,0.3166076885189801,False,True,T100,False
181,187,7.38x37,TM7,44,15.5477,4.338393899612698,13.51952684551293,56,0.2953609478806031,True,True,L311,True
182,223,4.61x61,TM4,44,15.5477,3.997354097468871,8.879426544455173,70,0.2784544421351482,True,True,I169,True
183,247,5.48x48,TM5,44,15.5477,3.705345550889719,8.54714489473466,49,0.2639785828969343,True,True,Y209,True
184,233,3.31x31,TM3,43,15.1943,3.865425815741297,11.597116809754556,56,0.2700894898907059,True,True,I112,True
185,276,6.39x39,TM6,43,15.1943,3.3581502439819007,6.9727113761797135,45,0.2449421102752841,True,True,I277,True
186,190,4.59x59,TM4,42,14.841,4.376972651189807,14.813677260375975,54,0.2936237930915466,True,True,L167,True
187,222,4.42x42,TM4,42,14.841,4.090363463695057,9.279810535473612,61,0.2794155984919127,True,True,A150,True
188,236,7.34x33,TM7,42,14.841,3.8584573533241446,9.998434371511252,51,0.2679192219319168,True,True,V307,True
189,260,3.38x38,TM3,42,14.841,3.6311817585963406,6.4382245445627735,44,0.2566523958197939,True,True,A119,True
190,261,2.56x56,TM2,42,14.841,3.623660509731481,8.274835846289015,51,0.2562795418703505,True,True,V86,True
191,176,4.64x64,TM4,41,14.4876,4.556533529942764,11.518640313104124,77,0.3007004205343048,False,True,H172,False
192,214,6.28x28,TM6,41,14.4876,4.177727350003462,10.521656712478858,45,0.2819217066795016,True,True,L266,True
193,230,5.61x61,TM5,41,14.4876,3.989817799481371,13.12741782500698,50,0.2726063895946419,True,True,V222,True
194,289,3.42x42,TM3,41,14.4876,3.195240466582463,7.3186801118812195,51,0.2332164821427303,True,True,T123,True
195,118,1.28x28,TM1,40,14.1343,5.588037141215582,19.51217165115769,61,0.3500107538718113,False,True,D29,False
196,188,5.31x32,TM5,40,14.1343,4.478913610704657,14.85589768999819,69,0.2950277189793208,False,False,,False
197,212,2.65x65,TM2,40,14.1343,4.23099694015403,11.229307408384178,61,0.2827376443642453,True,True,L95,True
198,253,2.61x61,TM2,39,13.7809,3.834241611233057,7.03788860641796,54,0.261244312479708,True,True,A91,True
199,268,5.44x45,TM5,38,13.4276,3.688938476236945,9.502140055939902,42,0.2522163231580456,True,True,I205,True
200,160,1.38x38,TM1,36,12.7208,5.000881465583776,12.09617979948612,49,0.3136041750883851,True,True,V39,True
201,168,5.36x36,TM5,36,12.7208,4.811397040242461,11.841727024370616,67,0.3042107860893024,False,True,N196,False
202,192,5.67x67,TM5,36,12.7208,4.57072827695669,12.198309259255158,44,0.2922800149486177,True,True,R228,True
203,219,5.39x39,TM5,36,12.7208,4.322115316387853,10.620811571412773,58,0.2799554228633837,False,True,Y199,False
204,284,5.55x55,TM5,36,12.7208,3.4742659993169944,7.7795081024093715,41,0.2379246415286781,True,True,V216,True
205,169,2.68x67,TM2,35,12.3675,4.831965614400295,11.01724730822876,51,0.3034056229192836,False,True,K97,False
206,286,7.37x36,TM7,35,12.3675,3.480206939848617,7.012382159914276,41,0.2363943366878356,True,True,L310,True
207,167,5.70x70,TM5,34,12.0141,4.9044141787987945,14.555857196302115,38,0.3051723277469715,True,True,Q231,True
208,199,5.40x41,TM5,34,12.0141,4.586523568392468,9.80790323973039,45,0.2894134063616191,True,True,I201,True
209,231,2.66x66,TM2,34,12.0141,4.24748619861789,13.608559618288137,39,0.2726061680158718,True,True,M96,True
210,283,2.58x57,TM2,34,12.0141,3.567346256799245,7.857914401752278,53,0.2388893122067048,False,True,V87,False
211,195,6.23x23,TM6,33,11.6608,4.661095030547453,12.592682455638707,48,0.2912853504689789,False,False,,False
212,238,3.34x34,TM3,33,11.6608,4.170110377587192,10.55011885491575,61,0.2669455672412661,True,True,L115,True
213,256,2.62x62,TM2,33,11.6608,4.007856030173045,9.03219538542509,37,0.2589020660442256,True,True,A92,True
214,171,2.57x56,TM2,32,11.3074,4.938862709343506,33.42193845580601,47,0.3032304238196172,False,True,V86,False
215,182,5.73x73,TM5,32,11.3074,4.840942200822276,13.179202775654163,46,0.2983761703585685,False,True,D234,False
216,262,5.41x42,TM5,32,11.3074,3.990619124092024,9.729446708405856,43,0.2562227563234229,True,True,A202,True
217,124,5.63x63,TM5,31,10.9541,5.813068172736855,23.411699791691884,34,0.3447429516688596,True,True,Q224,True
218,151,6.25x25,TM6,31,10.9541,5.276039222217897,11.357481154209063,40,0.3181205956261027,True,True,K263,True
219,198,2.67x67,TM2,31,10.9541,4.697439606616593,14.020195568255344,46,0.2894374399827152,False,True,K97,False
220,296,5.45x46,TM5,31,10.9541,3.513467380047702,8.803826988926149,35,0.2307439000348348,True,True,V206,True
221,324,3.45x45,TM3,31,10.9541,3.0480207026937087,6.089633185810078,37,0.2076701213280036,True,True,V126,True
222,218,2.67x66,TM2,30,10.6007,4.546302750431502,12.212062207717276,44,0.2801202532120195,False,True,M96,False
223,235,8.59x59,H8,30,10.6007,4.31071155393292,8.563267766887662,35,0.2684411943686118,True,True,C341,True
224,237,1.29x29,TM1,30,10.6007,4.297748652994832,8.243347285395307,40,0.267798579172937,True,True,E30,True
225,314,5.50x50,TM5,30,10.6007,3.23785603199413,6.0356565606703,35,0.2152560883144754,True,True,P211,True
226,242,1.33x33,TM1,29,10.2473,4.306139275422512,9.688585920220282,34,0.2663897134157144,True,True,V34,True
227,252,3.21x21,TM3,29,10.2473,4.214518217400456,8.12378150959875,44,0.2618477451934795,True,True,G102,True
228,147,5.35x35,TM5,28,9.894,5.520130543541392,30.567351695436933,49,0.3247465820829635,False,False,,False
229,184,3.41x41,TM3,28,9.894,4.975034321006311,16.757936098808493,37,0.2977243038615242,True,True,E122,True
230,243,5.71x71,TM5,28,9.894,4.340231025156461,8.858293614676196,29,0.2662549401653976,True,True,K232,True
231,267,1.34x34,TM1,28,9.894,4.0700303881202125,16.559955092492615,33,0.2528601733558849,True,True,G35,True
232,287,6.43x43,TM6,28,9.894,3.717978734187118,7.494007384728079,35,0.2354077725730383,True,True,T281,True
233,245,3.27x27,TM3,27,9.5406,4.348038103840959,11.597116809754556,31,0.2648171461552706,True,True,F108,True
234,316,7.44x43,TM7,27,9.5406,3.316085915823772,6.891701823537998,31,0.213659757820904,True,True,V317,True
235,280,1.45x45,TM1,26,9.1873,3.940774309895752,9.8116289972887,27,0.242802873831549,True,True,A46,True
236,297,5.43x43,TM5,26,9.1873,3.6872872697642913,8.690196414628241,36,0.2302366570045362,False,True,S203,False
237,303,2.44x44,TM2,26,9.1873,3.515746898257641,6.571922329110533,28,0.2217328159331308,True,True,T73,True
238,308,4.53x53,TM4,26,9.1873,3.4436902502949422,5.783847821019043,28,0.2181607222211311,True,True,S161,True
239,309,5.49x49,TM5,26,9.1873,3.44159022557822,7.111893931577178,30,0.2180566168360244,True,True,V210,True
240,189,1.30x30,TM1,25,8.8339,5.026444714390332,16.559955092492615,30,0.2947984397872424,True,True,V31,True
241,257,4.43x43,TM4,25,8.8339,4.298347277965155,8.14472395402551,25,0.2587041674624482,True,True,R151,True
242,290,4.59x60,TM4,25,8.8339,3.7763502720895312,6.969236093944889,26,0.232826996166106,False,True,P168,False
243,108,5.33x34,TM5,24,8.4806,6.331821801107638,17.355675967636852,31,0.3576856150564634,False,False,,False
244,162,34.55x55,ICL2,24,8.4806,5.382432923595326,14.770686313688325,31,0.3106211715180998,False,True,S143,False
245,234,34.50x50,ICL2,24,8.4806,4.547693930999698,10.554889684769352,27,0.2692403136664362,False,True,P138,False
246,307,7.48x48,TM7,24,8.4806,3.521077405692592,8.138875300629183,33,0.2183474323242059,True,True,F321,True
247,319,6.50x50,TM6,23,8.1272,3.4492254569819667,5.8494217973974,23,0.2129606687337922,True,True,P288,True
248,321,1.43x43,TM1,23,8.1272,3.4155460705940097,6.872966421542833,31,0.2112910667228478,True,True,V44,True
249,203,5.59x59,TM5,22,7.7739,4.981389406331988,23.411699791691884,27,0.287090441998882,True,True,S220,True
250,274,2.66x65,TM2,22,7.7739,4.151992170249511,9.029758802234106,31,0.2459743932299493,False,True,L95,False
251,295,6.42x42,TM6,22,7.7739,3.8450725725745447,7.389494209328536,25,0.2307593423506499,True,True,G280,True
252,298,5.37x38,TM5,22,7.7739,3.759911604594085,7.903718401766668,25,0.2265376228170368,True,True,A198,True
253,313,2.56x551,TM2,22,7.7739,3.5326073801600626,6.411714439480148,26,0.2152693774327655,False,True,A85,False
254,320,2.62x61,TM2,22,7.7739,3.46652389127,6.872966421542833,28,0.2119933935810966,False,True,A91,False
255,210,34.51x51,ICL2,21,7.4205,4.946068536911296,14.626159271392485,28,0.2835146485592265,False,True,F139,False
256,211,4.40x40,TM4,21,7.4205,4.945016063929559,15.320685525707963,26,0.2834624738851831,True,True,N148,True
257,272,6.30x31,TM6,21,7.4205,4.214002671101545,11.272411044134971,49,0.2472236476597352,False,True,H269,False
258,325,2.51x51,TM2,21,7.4205,3.4135693287883657,7.611427098036751,27,0.2075434378554722,True,True,L80,True
259,349,4.45x45,TM4,21,7.4205,3.026036218175589,5.057742519035993,28,0.1883321002932782,True,True,I153,True
260,197,7.27x26,TM7,20,7.0671,5.113011574889445,13.115473186726089,30,0.289965766615064,False,False,,False
261,207,5.37x37,TM5,20,7.0671,5.016577383136823,14.811552665885328,31,0.2851851949437363,False,True,Q197,False
262,293,5.56x56,TM5,20,7.0671,3.929556275234441,8.772959420318283,21,0.2312978524967339,True,True,F217,True
263,306,4.54x54,TM4,20,7.0671,3.702232328985072,7.092509672719191,23,0.2200286294348357,True,True,G162,True
264,339,4.52x52,TM4,20,7.0671,3.278347978717771,8.260004242755574,23,0.1990152369857624,True,True,V160,True
265,352,2.45x45,TM2,20,7.0671,2.991366754506828,5.495893869693652,24,0.1847885992576717,True,True,S74,True
266,202,5.76x76,TM5,19,6.7138,5.102963147693896,10.603778765031311,24,0.2876428143012687,False,True,E237,False
267,217,5.42x42,TM5,19,6.7138,4.959910069981404,11.224380354208431,27,0.2805511855088286,False,True,A202,False
268,270,6.44x45,TM6,19,6.7138,4.307405964304224,10.81053375966823,65,0.248204332319793,False,True,T283,False
269,279,2.63x62,TM2,19,6.7138,4.2231469872279055,9.173546339164584,27,0.244027327550578,False,True,A92,False
270,315,4.58x58,TM4,19,6.7138,3.621081465731807,5.84251164511634,21,0.2141808869464946,True,True,F166,True
271,348,6.46x46,TM6,19,6.7138,3.127088777043548,5.453953105901487,20,0.1896919851320413,True,True,L284,True
272,248,6.36x37,TM6,18,6.3604,4.656449949212801,15.17294623220922,26,0.2636828151763927,False,True,L275,False
273,251,7.25x24,TM7,18,6.3604,4.627338458791379,12.635006695756385,20,0.2622396593424558,False,False,,False
274,264,1.27x27,TM1,18,6.3604,4.481766896979532,14.676164067529468,27,0.2550231807066018,False,True,R28,False
275,300,8.61x61,H8,18,6.3604,3.8994557279533417,8.825109084612732,25,0.226156030705641,False,False,,False
276,332,8.60x60,H8,18,6.3604,3.4776364219077798,7.021756788750683,19,0.2052450095392743,False,False,,False
277,209,1.61x61,TM1,17,6.0071,5.100378388904826,12.190325738592232,23,0.28386504395903,False,False,,False
278,229,6.63x63,TM6,17,6.0071,4.881439573084377,9.274596892852191,20,0.2730115004010541,False,False,,False
279,337,2.54x54,TM2,17,6.0071,3.4233838179020477,7.136608755057861,20,0.2007307054697116,True,True,G83,True
280,338,6.40x41,TM6,17,6.0071,3.405220718865852,5.012562398503535,22,0.1998302987245739,False,True,M279,False
281,347,4.46x46,TM4,17,6.0071,3.210470769409639,5.34023869842443,20,0.1901758797426513,True,True,I154,True
282,282,5.40x40,TM5,16,5.6537,4.26534888140612,7.095102046894555,24,0.2406449667748808,False,True,A200,False
283,288,4.62x62,TM4,16,5.6537,4.117042436696515,9.695081326841464,19,0.2332929106693782,True,True,Q170,True
284,341,1.47x47,TM1,16,5.6537,3.4115149981064192,7.611427098036751,18,0.1983175100882194,True,True,V48,True
285,241,6.37x38,TM6,15,5.3004,4.821584619421653,10.949921413464596,18,0.2663946512398967,False,True,G276,False
286,292,3.48x48,TM3,15,5.3004,4.126058613271355,7.010019171977896,16,0.2319150557640167,True,True,V129,True
287,317,3.23x23,TM3,15,5.3004,3.757237027850337,6.395982970125002,20,0.2136313123013153,True,True,F104,True
288,334,1.46x46,TM1,15,5.3004,3.5611260975894163,7.206695542247366,17,0.203909424860727,True,True,I47,True
289,356,1.54x54,TM1,15,5.3004,2.9662267452535067,4.283881168812512,17,0.1744182356945053,True,True,I55,True
290,165,7.30x29,TM7,14,4.947,5.685288335343637,14.5135972740351,15,0.3073865716619536,True,False,,True
291,227,5.38x38,TM5,14,4.947,5.015323290594376,14.891421774145517,34,0.2741741201911706,False,True,A198,False
292,335,1.40x40,TM1,14,4.947,3.5790368748505483,5.424241141946384,15,0.2029725056369518,True,True,S41,True
293,269,6.64x64,TM6,13,4.5936,4.59873856334025,9.26726240603021,16,0.2516977774242056,False,False,,False
294,291,6.38x39,TM6,13,4.5936,4.201708359475034,6.7503321097598805,13,0.2320156365697619,False,True,I277,False
295,310,5.30x31,TM5,13,4.5936,3.914736938616793,6.5011559532325744,16,0.2177894848272885,False,False,,False
296,326,4.62x63,TM4,13,4.5936,3.704455694284576,7.239864027493595,15,0.2073651266054153,False,True,M171,False
297,328,5.53x53,TM5,13,4.5936,3.6962376750314254,6.002716672850393,16,0.2069577313722306,True,True,I214,True
298,345,4.49x49,TM4,13,4.5936,3.409687151557593,6.610689886773064,18,0.1927524449481248,True,True,V157,True
299,281,5.46x46,TM5,12,4.2403,4.437272351279156,9.599487867444676,16,0.2418685292654644,False,True,V206,False
300,327,5.52x52,TM5,12,4.2403,3.738392901052702,5.568152650175398,16,0.2072226921333783,True,True,V213,True
301,344,2.55x55,TM2,12,4.2403,3.520195326762067,5.469277904092113,12,0.1964058944452505,True,True,L84,True
302,206,1.26x26,TM1,11,3.8869,5.36059866786259,10.883592165797523,14,0.2858161452817166,False,True,E27,False
303,221,6.32x33,TM6,11,3.8869,5.234548676063898,10.055504193431869,22,0.2795674174289472,False,True,A271,False
304,304,1.41x41,TM1,11,3.8869,4.060390383773478,7.537710634057155,11,0.2213603876632258,True,True,L42,True
305,331,2.58x58,TM2,11,3.8869,3.739426570278029,7.057629340643658,13,0.2054491171228581,True,True,P88,True
306,172,1.25x25,TM1,10,3.5336,5.726503909540722,19.11459764201673,14,0.3021304981237495,False,True,Q26,False
307,273,2.68x68,TM2,10,3.5336,4.612192825726795,10.093246555339125,14,0.246890298527401,False,False,,False
308,302,1.48x48,TM1,10,3.5336,4.116235309413887,8.63271727761777,12,0.222303993508641,True,True,F49,True
309,340,6.34x35,TM6,10,3.5336,3.6462421493040007,7.823562847808201,16,0.1990048301506607,False,True,K273,False
310,360,2.48x48,TM2,10,3.5336,2.99135584288758,3.998242371341869,10,0.1665398831490213,True,True,C77,True
311,196,5.75x75,TM5,9,3.1802,5.522851700282716,8.760278335720779,10,0.2902099462535238,False,True,S236,False
312,232,1.24x24,TM1,9,3.1802,5.148408343651073,10.883592165797523,11,0.2716475124248456,False,False,,False
313,271,5.74x74,TM5,9,3.1802,4.668799966426152,7.495413473857278,11,0.2478716899720112,False,True,K235,False
314,285,5.41x41,TM5,9,3.1802,4.46177588782412,7.970866045156554,11,0.2376088005604795,False,True,I201,False
315,322,4.65x65,TM4,9,3.1802,3.9132823024246446,8.303929370468943,14,0.2104181034787628,False,False,,False
316,333,5.33x33,TM5,9,3.1802,3.785105715870681,6.635322825563927,13,0.2040639530734871,False,False,,False
317,106,5.34x34,TM5,8,2.8269,6.923179542998377,16.9152071108396,12,0.3578041542260551,False,False,,False
318,249,6.33x34,TM6,8,2.8269,5.005207590731228,8.988337249750527,10,0.2627237453506397,False,True,L272,False
319,311,7.57x57,TM7,8,2.8269,4.08394640006565,6.395856080692302,11,0.2170536871488009,False,False,,False
320,323,4.44x44,TM4,8,2.8269,3.9197410872611314,7.3551864330290515,8,0.2089134699456692,True,True,V152,True
321,343,7.24x23,TM7,8,2.8269,3.685156341325224,8.331696644035611,11,0.1972843042880815,False,False,,False
322,359,6.53x53,TM6,8,2.8269,3.086587921899736,3.690607897015664,9,0.1676112269567821,True,True,I291,True
323,362,6.41x42,TM6,8,2.8269,3.003285669202636,4.249169252227958,11,0.1634816502769349,False,True,G280,False
324,250,7.59x59,TM7,7,2.4735,5.037539093286481,9.597179667561903,10,0.2625017106462259,False,False,,False
325,266,1.44x44,TM1,7,2.4735,4.86916864954779,8.63271727761777,7,0.2541550137019422,True,True,L45,True
326,318,5.77x77,TM5,7,2.4735,4.041825140042922,6.8199666008319015,9,0.2131407751615097,False,False,,False
327,18,3.19x19,TM3,6,2.1201,10.086052294854364,15.909882319405476,6,0.5109489051094891,False,False,,False
328,127,5.44x44,TM5,6,2.1201,6.663655304379636,16.757936098808493,6,0.341289017850093,False,True,S204,False
329,265,3.20x20,TM3,6,2.1201,4.918932315388797,7.594165577057892,6,0.2547971507654384,False,False,,False
330,275,6.29x30,TM6,6,2.1201,4.728753082287343,8.749663531441733,9,0.2453693177767834,False,True,E268,False
331,277,6.28x29,TM6,6,2.1201,4.704250275423029,6.861817278259414,7,0.2441546300997815,False,True,K267,False
332,299,6.31x32,TM6,6,2.1201,4.3445822217819,6.143329155743822,8,0.2263246584157846,False,True,K270,False
333,330,8.62x62,H8,6,2.1201,3.945384827309173,7.557358511393129,9,0.2065350825340302,False,False,,False
334,346,2.59x58,TM2,6,2.1201,3.655459645837842,5.839802439533706,7,0.1921625028073098,False,True,P88,False
335,364,6.22x22,TM6,6,2.1201,2.9692702474977533,3.545881151149348,7,0.1581457548131434,False,False,,False
336,367,1.51x51,TM1,6,2.1201,2.8415916894071045,4.254424361564068,6,0.1518162933767901,True,False,,True
337,141,3.18x18,TM3,5,1.7668,6.493396128218099,15.909882319405476,13,0.3310238724818495,False,False,,False
338,153,7.60x60,TM7,5,1.7668,6.227951292660884,11.438189036349046,12,0.3178648669662506,False,False,,False
339,155,7.26x25,TM7,5,1.7668,6.215438203298385,18.755528499618315,8,0.3172445504639813,False,False,,False
340,215,5.32x32,TM5,5,1.7668,5.49740683786904,9.638438088743673,9,0.2816492875980697,False,False,,False
341,228,6.35x36,TM6,5,1.7668,5.329750608938853,8.594998995391586,6,0.2733379967169129,False,True,T274,False
342,244,5.28x29,TM5,5,1.7668,5.162073595230744,6.84655224739125,5,0.2650256754634502,False,False,,False
343,254,4.67x67,TM4,5,1.7668,5.071108713818789,18.6021686387458,12,0.2605162361529697,False,False,,False
344,258,7.58x58,TM7,5,1.7668,5.034171899284458,8.031974573720179,7,0.2586851523228187,False,False,,False
345,263,6.45x46,TM6,5,1.7668,4.9689265305349775,11.501905396991042,9,0.2554507169440349,False,True,L284,False
346,329,5.27x28,TM5,5,1.7668,3.9837767347237074,7.538749031560281,14,0.20661348276105,False,False,,False
347,336,6.43x44,TM6,5,1.7668,3.882206604015381,5.149359146028856,5,0.2015783050850357,False,True,F282,False
348,350,1.37x37,TM1,5,1.7668,3.585777103872701,3.9062051839901897,5,0.186883284105722,True,True,I38,True
349,354,6.26x27,TM6,5,1.7668,3.515239881644273,6.227964709972543,6,0.183386513507754,False,False,,False
350,357,5.45x45,TM5,5,1.7668,3.2479461171014004,4.564506465299888,5,0.1701358502785321,False,False,,False
351,358,6.27x28,TM6,5,1.7668,3.206596896712192,5.643799961875979,6,0.1680860284463419,False,False,,False
352,57,5.79x79,TM5,4,1.4134,8.320354235519913,14.646282626220644,4,0.4197675972382572,False,False,,False
353,164,5.78x78,TM5,4,1.4134,6.08159292997021,13.179202775654163,5,0.3087845664100381,False,False,,False
354,224,5.80x80,TM5,4,1.4134,5.433312439207123,10.512547460546532,5,0.2766470922124364,False,False,,False
355,259,8.63x63,H8,4,1.4134,5.067981834329069,8.563267766887662,4,0.2585364085575224,False,False,,False
356,312,4.48x48,TM4,4,1.4134,4.201311565039452,8.260004242755574,4,0.2155726084525116,True,True,M156,True
357,342,8.64x64,H8,4,1.4134,3.835597996242007,8.026767533317651,5,0.1974429399704226,False,False,,False
358,355,2.36x36,TM2,4,1.4134,3.4654627703041423,4.484573496411584,7,0.1790940748685285,False,False,,False
359,361,1.22x22,TM1,4,1.4134,3.1785219107648874,3.509002515752093,4,0.164869438154834,False,False,,False
360,366,5.37x39,TM5,4,1.4134,2.998622317214322,3.7098557830037135,5,0.1559512019464839,False,False,,False
361,87,23.51x501,ECL1,3,1.0601,7.507676192692868,14.281977418581976,5,0.3776555583637579,False,False,,False
362,301,4.67x68,TM4,3,1.0601,4.401260013197351,7.436213673327146,6,0.2236599172207743,False,False,,False
363,305,4.66x66,TM4,3,1.0601,4.347298414068637,4.700600806908476,3,0.2209848567733758,False,False,,False
364,351,1.63x63,TM1,3,1.0601,3.6217131247990513,5.433967476282316,4,0.1850151201480879,False,False,,False
365,353,12.52x52,ICL1,3,1.0601,3.591234085039114,5.953774514953926,6,0.1835041702308697,False,False,,False
366,363,5.29x30,TM5,3,1.0601,3.085654537609274,4.34379655944008,3,0.1584408683239495,False,False,,False
367,365,23.47x47,ECL1,3,1.0601,3.0410215642711385,3.583861638027114,3,0.1562282596623374,False,False,,False
368,368,5.26x27,TM5,3,1.0601,2.697932901554767,3.117628703789048,3,0.1392201849128437,False,False,,False
